{
	"pid":			"png",
	"title":		"Liar",
	"grader":		"forensics/png/png_grader.py",
	"category":		"Forensics",
	"description":	"<p>I may or may not have illegally bought this <a href=\"/static/problems/png/secret\" target=\"_blank\">file</a> from someone who claims that it contains secret pictures of my friend and her fiancé. Unfortunately, I can't open it, and I already paid $4096 for it. Can you help me find out if the seller was lying?</p>",
	"hint":			"I feel like something is missing . . .",
	"value":		50,
	"bonus_points":	[0, 0, 0],
	"programming":	false,
	"threshold":	0,
	"weightmap":	{}
}