{
	"pid":			"faster-math",
	"title":		"Faster Math",
	"grader":		"programming/faster-math/faster-math_grader.py",
	"category":		"Programming",
	"description":	"<p>I need help on my homework! Connect to <code>programming.easyctf.com:10300</code> where a series of 100 problems await you.</p>",
	"hint":			"<p>There's only 4 types of problems. You can do it :) If you're having difficulty with the time limit, try running it on the shell server. Its internet should be pretty fast.</p><p>If you'd like, post your favorite, wackiest autogenerated problems to <a href='http://twitter.com/easyctf' target='_blank'>@easyctf</a>!",
	"value":		325,
	"bonus_points":	[0, 0, 0],
	"programming":	false,
	"threshold":	1,
	"weightmap":	{
		"sorting-job": 1,
		"if-logic": 1
	}
}