{
	"pid":			"yandere",
	"title":		"Corrupted",
	"grader":		"forensics/yandere/yandere_grader.py",
	"category":		"Forensics",
	"description":	"<p>I'm not an anime person, but I have weeaboo friends. One of them uses <a href=\"/static/problems/yandere/yuno.jpg\" target=\"_blank\">this</a> as her profile pic. Unfortunately, she sent me a corrupted version. Can you find out what she's hiding?</p>",
	"hint":			"<p>Who is Yuno Gasai? From what I hear, she's a scary yandere. </p> <p>On a more serious note, stop trying to fix the image. It's not broken -- it's hiding stuff.</p>",
	"value":		375,
	"bonus_points":	[0, 0, 0],
	"programming":	false,
	"threshold":	1,
	"weightmap":	{
		"ispy": 1,
		"tulip": 1,
		"sayonara": 1
	}
}