{
	"pid":			"tulip",
	"title":		"Who is this god?",
	"grader":		"forensics/tulip/tulip_grader.py",
	"category":		"Forensics",
	"description":	"<p>My friend Mich uses this nice <a href=\"/static/problems/tulip/tulip.png\" target=\"_blank\">tulip</a> as her profile pic because she likes historical stuff. Did I mention that one of the EasyCTF developers worships her as a god?</p>",
	"hint":			"<p>A tulip a day keeps the economy away :)</p> <p>P.S. Everything you need is in the image...although you might need sharper vision.</p>",
	"value":		175,
	"bonus_points":	[0, 0, 0],
	"programming":	false,
	"threshold":	1,
	"weightmap":	{
		"1000words": 1,
		"49-shades": 1,
		"rip": 1
	}
}