{
	"pid":			"hash1",
	"title":		"H4sh3D",
	"grader":		"crypto/hash1/hash1_grader.py",
	"category":		"Cryptography",
	"description":	"<p>We discovered that Varsos's server uses a fairly insecure hash function to check passwords. The hashed password is <code>c9b5af9864efa933</code>, and the hashing function can be found <a href='/static/problems/hash1/hash1.py' target='_blank'>here</a>.</p>",
	"hint":			"<p>Seems like working backwards will be a pain. Is there any easier way?</p>",
	"value":		200,
	"bonus_points":	[0, 0, 0],
	"programming":	false,
	"threshold":	1,
	"weightmap":	{
		"xor": 1
	}
}