{
	"pid":			"accel",
	"title":		"Accelerator",
	"grader":		"forensics/accel/accel_grader.py",
	"category":		"Forensics",
	"description":	"<p>Hey, do you want to learn more about Steganography? Cool, read <a href=\"/static/problems/accel/steg.pdf\" target=\"_blank\">this</a> article. Just friendly learning. We're not hiding ANYTHING *nervous laugh*</p>",
	"hint":			"<p>Yeah chaosagent likes Accelerator blah blah blah</p>",
	"value":		300,
	"bonus_points":	[0, 0, 0],
	"programming":	false,
	"threshold":	1,
	"weightmap":	{
		"ispy": 1,
		"tulip": 1,
		"sayonara": 1
	}
}