{
	"pid":			"can-you-even",
	"title":		"Can You Even???",
	"grader":		"programming/can-you-even/can-you-even_grader.py",
	"category":		"Programming",
	"description":	"<p>Use the programming interface to complete this task. You&#39;ll be given a list of numbers.</p> <p>Input: A list of numbers, separated by commas.<br />Output: The number of even numbers.</p> <p>Read the input from a file called&nbsp;<code>can-you-even.in</code>&nbsp;that&#39;s in the current working directory, and then write your output to a file called&nbsp;<code>can-you-even.out</code>.</p>",
	"hint":			"<p>If you need help, try looking at the Python Tutorial in the Learn section! Perhaps you should try looking into the modulo (%) operator. </p>",
	"value":		40,
	"bonus_points":	[0, 0, 0],
	"programming":	true,
	"flag":			"easyctf{?v=8ruJBKFrRCk}",
	"threshold":	0,
	"weightmap":	{}
}