{
	"pid":			"ioexception",
	"title":		"IOException",
	"grader":		"recon/ioexception/ioexception_grader.py",
	"category":		"Recon",
	"description":	"<p>My name is Michael Zhang.</p>",
	"hint":			"<p>This is a recon problem. Clues are scattered over the internet, and you have to piece them together to solve the problem. THIS IS INSANELY HARD. If you solve this problem, you are required to write a write-up and send it (using the email you signed your team up with) to <a href='mailto:failed.down@gmail.com'>failed.down@gmail.com</a>.</p>",
	"value":		450,
	"bonus_points":	[0, 0, 0],
	"programming":	false,
	"threshold":	3,
	"weightmap":	{
		"owner": 1,
		"elusive": 1,
		"ispy": 1,
		"tulip": 1,
		"sayonara": 1,
		"hash1": 1,
		"allzob": 1,
		"php1": 1,
		"ssl1": 1,
		"wastebin-2": 1,
		"addition": 1,
		"can-you-even": 1,
		"math-class": 1,
		"easyctf-day": 1
	}
}